2022-06-18T16:19:03.122918,28.694981402298403
2022-06-18T16:19:04.120478,31.728735528649338
2022-06-18T16:19:05.087872,35.0603115670575
2022-06-25T12:12:37.882414,28.959586740670844
2022-06-25T12:12:38.888779,29.518917604835657
2022-06-25T12:12:39.874964,30.118845504622076
2022-06-25T12:12:40.870706,30.44345176589323
2022-06-25T12:12:41.881864,31.350120245186353
2022-06-25T12:12:42.879621,31.513643436567833
2022-06-25T12:12:43.876388,31.923972406206964
2022-06-25T12:12:44.887035,32.79743914036253
2022-06-25T12:12:45.867167,33.21479638202074
2022-06-25T12:12:46.856581,33.60512243974121
2022-06-25T12:12:47.877447,34.189065345844085
2022-06-25T12:12:48.847042,34.96338420255412
2022-06-25T12:12:49.880767,35.6911977449255
2022-06-25T12:12:50.868216,36.2264645608135
2022-06-25T12:12:51.882717,36.787559122260156
2022-06-25T12:12:52.906285,37.532387644216584
2022-06-25T12:12:53.903436,38.025043273240236
2022-06-25T12:12:54.891113,39.08446521170424
2022-06-25T12:12:55.878201,39.309595931494826
2022-06-25T12:12:56.910085,39.953900885864364
2022-06-25T12:12:57.892426,40.60674165749783
2022-06-25T12:12:58.874966,41.53530602906147
2022-06-25T12:12:59.905313,42.11743306994293
2022-06-25T12:13:00.896509,43.01834529485328
2022-06-25T12:13:01.884514,43.67358789600044
2022-06-25T12:13:02.883833,44.73302995916091
2022-06-25T12:13:03.901064,45.62780423634267
2022-06-25T12:13:04.907424,46.35367009922519
2022-06-25T12:13:05.888889,47.22045786294949
2022-06-25T12:13:06.872765,48.31752249572371
2022-06-25T12:13:07.870123,49.811764260233836
2022-06-25T12:13:08.927876,50.720786542643346
2022-06-25T12:13:09.905835,51.86815268356959
2022-06-25T12:13:10.944362,53.077308124088525
2022-06-25T12:13:11.907612,54.55165141880705
2022-06-25T12:13:12.902921,55.30142502950533
2022-06-25T12:13:13.901077,56.881215652538984
2022-06-25T12:13:14.910966,58.14753910956348
2022-06-25T12:13:15.906465,60.58632482831668
2022-06-25T12:13:16.937270,60.867998000211344
2022-06-25T12:13:17.926545,62.62229529381579
2022-06-25T12:13:18.916311,64.86413071802244
2022-06-25T12:13:19.912661,66.87198543920074
2022-06-25T12:13:20.879620,68.42380471884923
2022-06-25T12:13:21.925427,70.27132800072404
2022-06-25T12:13:22.943099,72.7411624209473
2022-06-25T12:13:23.936691,75.14047532266021
2022-06-25T12:13:24.935509,76.1097262273042
2022-06-25T12:13:25.902973,78.19260226721393
2022-06-25T12:13:26.942244,82.06180054065621
2022-06-25T12:13:27.895217,83.72948426614218
2022-06-25T12:13:28.992310,86.76776018958397
2022-06-25T12:13:29.924424,90.60762260890172
2022-06-25T12:13:30.946863,93.60635034465297
2022-06-25T12:13:31.992303,97.62973754406228
2022-06-25T12:13:32.916536,101.59698354171665
2022-06-25T12:13:33.987545,105.00563903133965
2022-06-25T12:13:34.974952,108.20330645165431
2022-06-25T12:13:35.980599,113.38777985353393
2022-06-25T12:13:36.921677,117.98905225596047
2022-06-25T12:13:37.964043,122.35367437792735
2022-06-18T16:19:07.096951,28.65923255958289
2022-06-18T16:19:08.110083,28.93054649494884
2022-06-18T16:19:09.103124,31.56812482996576
2022-06-18T16:19:10.126512,33.43477485238782
2022-06-18T16:19:11.097040,34.414496399152526
2022-06-18T16:19:12.104379,35.11514543476983
2022-06-18T16:19:13.200614,35.747239295694186
2022-06-18T16:19:14.115236,38.791348275422976
2022-06-18T16:19:15.099404,38.86046685923534
2022-06-18T16:19:16.115502,40.59422572237548
2022-06-18T16:19:17.139062,42.337481192086116
2022-06-18T16:19:18.139444,43.40034448324246
2022-06-18T16:19:19.159122,45.35463575930301
2022-06-18T16:19:20.120967,46.942232963664495
2022-06-18T16:19:21.135897,46.805352533186024
2022-06-18T16:19:22.109597,48.08725189833966
2022-06-18T16:19:23.164680,49.166551484776406
2022-06-18T16:19:24.133125,50.871193141846305
2022-06-18T16:19:25.122827,51.0704002591287
2022-06-18T16:19:26.108611,51.31049448859251
2022-06-18T16:19:27.110288,52.51749019141467
2022-06-18T16:19:28.095638,52.485003975067954
2022-06-18T16:19:29.085538,54.05715419772707
2022-06-18T16:19:30.124819,54.39703754265764
2022-06-18T16:19:31.111033,56.11532117690835
2022-06-18T16:19:32.108658,56.87844500521727
2022-06-18T16:19:33.124853,56.840134861087776
2022-06-18T16:19:34.089759,57.253353165708035
2022-06-18T16:19:35.112900,59.75802803437138
2022-06-18T16:19:36.113845,60.95693300456884
2022-06-18T16:19:37.111984,61.048111113799976
2022-06-18T16:19:38.116854,62.3859885714115
2022-06-18T16:19:39.112819,63.448667992351716
2022-06-18T16:19:40.103078,64.4799455794565
2022-06-18T16:19:41.112644,65.13614770385415
2022-06-18T16:19:42.094752,66.22261734145556
2022-06-18T16:19:43.110269,67.21092216742548
2022-06-18T16:19:44.118283,68.71003178468233
2022-06-18T16:19:45.114926,68.00543121807634
2022-06-18T16:19:46.092903,68.34360696909448
2022-06-18T16:19:47.118031,70.5686640265459
2022-06-18T16:19:48.117005,70.0789026943268
2022-06-18T16:19:49.120366,70.68020032370912
2022-06-18T16:19:50.112368,71.8570372690352
2022-06-18T16:19:51.136107,70.36955577803214
2022-06-18T16:19:52.105787,71.58962018030412
2022-06-18T16:19:53.106425,71.19217334686803
2022-06-18T16:19:54.110653,72.24904056512129
2022-06-18T16:19:55.132998,73.02437818344164
2022-06-18T16:19:56.120116,72.98612733368539
2022-06-18T16:19:57.096967,72.11237886199837
2022-06-18T16:19:58.127578,73.30628230952792
2022-06-18T16:19:59.146731,72.1789652263648
2022-06-18T16:20:00.122467,74.34715712837261
2022-06-18T16:20:01.131993,74.25133174507307
2022-06-18T16:20:02.101793,72.59007608292728
2022-06-18T16:20:03.118121,72.26541032826299
2022-06-18T16:20:04.161005,67.57971502896066
2022-06-18T16:20:05.135142,65.37668622785701
2022-06-18T16:20:06.125378,62.48453856203701
2022-06-18T16:20:07.104582,58.77677916216946
2022-06-18T16:20:08.106363,56.652548562426176
2022-06-18T16:20:09.112539,53.70354250520286
2022-06-18T16:20:10.098400,52.49402710468338
2022-06-18T16:20:11.107116,51.47718183202282
2022-06-18T16:20:12.111999,49.25158598021889
2022-06-18T16:20:13.116128,48.424879718008505
2022-06-18T16:20:14.098331,47.44590357729238
2022-06-18T16:20:15.114965,46.37432610485418
2022-06-18T16:20:16.102060,46.14637007648541
2022-06-18T16:20:17.136293,45.8728890772983
2022-06-18T16:20:18.132356,45.22490903489644
2022-06-18T16:20:19.145464,43.6338335204427
2022-06-18T16:20:20.144030,42.37413801489112
2022-06-18T16:20:21.163204,41.76316294821248
2022-06-18T16:20:22.174394,41.391773615178636
2022-06-18T16:20:23.130078,40.09176339813367
2022-06-18T16:20:24.155642,38.67044431438952
2022-06-18T16:20:25.145342,37.016392342914614
2022-06-18T16:20:26.142724,35.45134892657297
2022-06-18T16:20:27.148246,34.50203491221257
2022-06-18T16:20:28.155946,33.61099149316191
2022-06-18T16:20:29.152094,31.74908156832805
2022-06-18T16:20:30.149228,30.556480646883948
2022-06-18T16:20:31.147154,28.52082925943211
2022-06-22T12:48:38.569776,28.539152921613628
2022-06-22T12:48:39.578145,28.73290426073637
2022-06-22T12:48:40.576250,29.268379585717504
2022-06-22T12:48:41.584949,29.073053153577497
2022-06-22T12:48:42.584892,29.613902491813544
2022-06-22T12:48:43.562964,30.328162266050917
2022-06-22T12:48:44.618806,29.917125601576398
2022-06-22T12:48:45.594842,29.90810248002215
2022-06-22T12:48:46.564775,29.918952849836593
2022-06-22T12:48:47.583146,29.885284693415393
2022-06-22T12:48:48.582879,29.176722134041206
2022-06-22T12:48:49.560094,28.81964411907638
2022-06-22T12:49:07.603915,34.59591544562276
2022-06-22T12:49:08.576902,35.04395407046751
2022-06-22T12:49:09.605004,36.9011245763242
2022-06-22T12:49:10.579605,37.76528684520726
2022-06-22T12:49:11.588131,39.05118461148815
2022-06-22T12:49:12.578016,40.27980584216723
2022-06-22T12:49:13.574004,42.229189522850724
2022-06-23T13:09:54.845957,30.21834760908062
2022-06-23T13:09:55.692636,29.789796061856528
2022-06-23T13:09:56.729095,30.615886645577238
2022-06-23T13:10:03.787690,44.09495153364453
2022-06-23T13:10:04.747379,47.22787700011743
2022-06-23T13:10:05.800131,50.05941014749989
2022-06-23T13:10:06.848243,53.022772917627826
2022-06-23T13:10:07.681598,56.035873933000346
2022-06-25T12:13:38.949175,66.99109145611826
2022-06-25T12:13:39.914275,68.76749228033597
2022-06-25T12:13:41.159421,69.88773273665538
2022-06-25T12:13:41.996822,75.18094876506349
2022-06-25T12:13:43.049452,73.27770707587366
2022-06-25T12:13:44.196253,75.00605379019154
2022-06-25T12:13:44.915222,76.9388906519654
2022-06-25T12:13:45.925676,78.2014088500046
2022-06-25T12:13:46.939777,79.79950484496258
2022-06-25T12:13:48.036982,81.44446083655892
2022-06-25T12:13:49.021010,82.22284854256486
2022-06-25T12:13:49.989954,84.50086224166317
2022-06-25T12:13:50.968727,86.13338439990629
2022-06-25T12:13:51.926752,87.28507463202361
2022-06-25T12:13:52.982181,88.7603199807428
2022-06-25T12:13:53.932932,90.89792792489368
2022-06-25T12:13:54.981806,92.54106843278451
2022-06-25T12:13:56.095011,93.69619636291031
2022-06-25T12:13:57.006458,92.59639127966655
2022-06-25T12:13:58.005191,92.20656086222623
2022-06-25T12:13:58.977235,92.10684645555753
2022-06-25T12:13:59.927247,91.58700017551561
2022-06-25T12:14:00.991558,92.83577624991341
2022-06-25T12:14:01.965304,93.74721803685205
2022-06-25T12:14:02.974201,94.82426844487264
2022-06-25T12:14:03.975756,97.51937628780766
2022-06-25T12:14:04.975244,98.6214505538654
2022-06-25T12:14:06.022973,101.47248354185531
2022-06-25T12:14:06.979291,103.47079186623033
2022-06-25T12:14:08.010953,106.64627814347983
2022-06-18T11:16:46.742468,29.633917274108907
2022-06-18T11:16:47.782421,29.97772937001439
2022-06-21T06:48:22.071882,31.962541289919884
2022-06-21T06:48:23.072348,33.2000603463375
2022-06-21T06:48:24.089455,34.01722258960618
2022-06-21T06:48:25.073932,35.02243556413838
2022-06-21T06:48:26.108134,35.70467541260804
2022-06-21T06:48:27.090704,36.84874015781732
2022-06-21T06:48:28.113752,37.78258968667641
2022-06-21T06:48:29.089834,38.234441543729176
2022-06-21T06:48:30.108354,38.95944625724224
2022-06-21T06:48:31.110896,40.120568842080104
2022-06-21T06:48:32.095846,40.97565634095564
2022-06-21T06:48:33.119207,41.43663190732735
2022-06-21T06:48:34.108574,41.103522027276185
2022-06-21T06:48:35.130869,43.07709427463257
2022-06-21T06:48:36.099864,43.29787197136652
2022-06-21T06:48:37.148931,44.889105436964975
2022-06-21T06:48:38.116534,45.268112705193296
2022-06-21T06:48:39.115094,45.420360692377685
2022-06-21T06:48:40.121515,46.85352021545536
2022-06-21T06:48:41.096647,47.72746080514217
2022-06-21T06:48:42.105201,49.499454775368385
2022-06-21T06:48:43.107299,49.30671487678942
2022-06-21T06:48:44.098811,50.91421944332021
2022-06-21T06:48:45.103224,51.49391357104969
2022-06-21T06:48:46.095951,52.372534323773934
2022-06-21T06:48:47.106189,51.582509010910925
2022-06-21T06:48:48.116385,52.65938226347589
2022-06-21T06:48:49.123371,54.08374851637434
2022-06-21T06:48:50.099643,53.94781606370121
2022-06-21T06:48:51.107550,55.53088675957006
2022-06-21T06:48:52.112448,57.34734312104045
2022-06-22T12:49:14.593681,31.19783843166269
2022-06-22T12:49:15.587530,31.13311729717211
2022-06-22T12:49:16.598947,31.15791523886756
2022-06-22T12:49:17.584280,31.210574515980106
2022-06-22T12:49:18.580047,31.217107280446253
2022-06-22T12:49:19.564428,31.276076562129262
2022-06-22T12:49:20.600232,31.636431841231563
2022-06-22T12:49:21.593608,31.989914279534574
2022-06-22T12:49:22.576222,33.03204201143828
2022-06-22T12:49:23.615699,33.9422076771283
2022-06-22T12:49:24.592547,34.01313399435592
2022-06-22T12:49:25.604313,34.671861273715564
2022-06-22T12:49:26.590303,35.13126826640125
2022-06-22T12:49:27.609479,35.81020485725162
2022-06-22T12:49:28.714834,36.747272613757495
2022-06-22T12:49:29.631308,37.84624221074975
2022-06-22T12:49:30.678150,38.42757969835904
2022-06-22T12:49:31.588539,39.61698866548627
2022-06-22T12:49:32.587735,40.55547457143015
2022-06-22T12:49:33.610764,41.13542143909481
2022-06-22T12:49:34.608659,41.267676460227875
2022-06-23T13:10:08.681708,56.631346019938334
2022-06-23T13:10:09.671090,60.42354187575053
2022-06-23T13:10:10.707329,60.46296683184881
2022-06-23T13:10:11.670506,62.806365264951374
2022-06-23T13:10:12.702175,63.475582897374494
2022-06-23T13:10:13.669854,64.47497491012251
2022-06-23T13:10:14.682825,65.87885111310217
2022-06-23T13:10:15.691462,64.07487851697289
2022-06-23T13:10:16.691051,61.7851441779504
2022-06-23T13:10:17.699590,56.75864635250936
2022-06-23T13:10:18.707548,51.4274433103134
2022-06-23T13:10:19.707055,46.2369543427056
2022-06-23T13:10:20.718400,42.94023100402693
2022-06-23T13:10:21.980010,39.35984905988229
2022-06-23T13:10:22.708444,33.74552099931386
2022-06-23T13:10:23.712791,30.86449633867801
2022-06-23T13:10:24.702031,28.968595994775054
2022-06-25T12:14:08.968288,71.54092795939664
2022-06-25T12:14:09.985300,72.38556394611689
2022-06-25T12:14:10.973473,73.73279798175304
2022-06-25T12:14:11.969824,74.85357737148308
2022-06-25T12:14:12.970566,75.60463735818195
2022-06-25T12:14:13.966441,75.25990237603995
2022-06-25T12:14:14.996244,76.609083086285
2022-06-25T12:14:15.917611,78.07604668695174
2022-06-25T12:14:16.956412,79.35062031014957
2022-06-25T12:14:17.926574,78.95060339694639
2022-06-25T12:14:18.914933,79.43132217802896
2022-06-25T12:14:19.911658,79.27172750987319
2022-06-25T12:14:20.963378,80.23426261283227
2022-06-25T12:14:21.971214,79.85766715642602
2022-06-25T12:14:22.950954,79.67355849634632
2022-06-25T12:14:23.952655,80.3471346095169
2022-06-25T12:14:24.955884,80.17315833870322
2022-06-25T12:14:25.898778,79.77258425710872
2022-06-25T12:14:26.963801,79.74470573132032
2022-06-25T12:14:27.969056,78.8965491669007
2022-06-25T12:14:28.912745,79.54735547158234
2022-06-25T12:14:29.962502,79.14812578964461
2022-06-25T12:14:30.976024,79.02353699202578
2022-06-25T12:14:31.931528,79.24276683565782
2022-06-18T11:16:48.739009,32.2960575874872
2022-06-18T11:16:50.568892,32.50474272179858
2022-06-18T11:16:50.759437,33.62477968599725
2022-06-18T11:16:51.766276,34.232142482568044
2022-06-18T11:16:52.759636,34.69990862895892
2022-06-18T11:16:53.741226,35.882257474294825
2022-06-18T11:16:54.739962,35.7566390714252
2022-06-18T11:16:55.738258,36.231427702567885
2022-06-18T11:16:56.718016,36.30879233904297
2022-06-18T11:16:57.744904,37.30408167453061
2022-06-18T11:16:58.775796,37.38781422144262
2022-06-18T11:16:59.782383,37.62160573463761
2022-06-18T11:17:00.749035,38.109737572888264
2022-06-18T11:17:01.784765,38.09169121430406
2022-06-18T11:17:02.765380,37.67811971027019
2022-06-18T11:17:03.754866,36.820970169185834
2022-06-18T11:17:04.780729,35.78562718839251
2022-06-18T11:17:05.756931,35.68714468905195
2022-06-18T11:17:06.782912,34.03374875137024
2022-06-18T11:17:07.775038,32.23650869593977
2022-06-18T11:17:08.740108,31.513762147841696
2022-06-18T11:17:09.748122,29.60089993887106
2022-06-20T12:11:14.192141,29.078256243623105
2022-06-20T12:11:15.186495,29.871435950675995
2022-06-20T12:11:16.236038,29.950993041229616
2022-06-21T06:48:53.129320,71.73122383499572
2022-06-21T06:48:54.128613,68.2779465892473
2022-06-21T06:48:55.110114,60.7982558232556
2022-06-21T06:48:56.102581,55.26798289476391
2022-06-21T06:48:57.101678,53.227122594451316
2022-06-21T06:48:58.113561,48.91305667489185
2022-06-21T06:48:59.122522,43.73703508833393
2022-06-21T06:49:00.106801,41.74402194837395
2022-06-21T06:49:01.123764,37.7998478574134
2022-06-21T06:49:02.098351,35.465445273896506
2022-06-21T06:49:03.089845,34.252526142766236
2022-06-21T06:49:04.098871,32.14142775507098
2022-06-21T06:49:05.107827,29.917920423704174
2022-06-21T06:49:06.104698,29.186268060106478
2022-06-21T06:49:07.100274,28.480178117900962
2022-06-22T12:49:35.614780,32.50702702378046
2022-06-22T12:49:36.591288,32.46736209477227
2022-06-22T12:49:37.600993,31.83114226178676
2022-06-22T12:49:38.578770,31.200822292777136
2022-06-22T12:49:39.613371,30.902371234957446
2022-06-22T12:49:40.630911,30.64158694020901
2022-06-22T12:49:41.584645,30.33631283372641
2022-06-22T12:49:42.616522,29.67443210069262
2022-06-22T12:49:43.589148,29.25294652563558
2022-06-22T12:49:44.612817,28.740473473034886
2022-06-24T18:10:07.946111,29.446965539936183
2022-06-24T18:10:08.891779,32.45931819075084
2022-06-24T18:10:09.918248,33.8906803847102
2022-06-24T18:10:10.914650,34.38027759121808
2022-06-24T18:10:11.925798,35.62687419699116
2022-06-24T18:10:12.929587,38.28145688587238
2022-06-24T18:10:13.911661,40.67545961279164
2022-06-24T18:10:14.914543,41.84672271697417
2022-06-24T18:10:15.897617,40.17318418768769
2022-06-24T18:10:16.921061,37.344888023193626
2022-06-24T18:10:17.918005,33.43270697231449
2022-06-24T18:10:18.910921,29.615403286688387
2022-06-25T12:14:32.908451,62.51984841620575
2022-06-25T12:14:33.973045,60.94747274219524
2022-06-25T12:14:34.898874,59.862518406022325
2022-06-25T12:14:35.914240,59.17337517748051
2022-06-25T12:14:36.899980,57.87132651174192
2022-06-25T12:14:37.990322,57.50932248759041
2022-06-25T12:14:38.929515,57.05246736433491
2022-06-25T12:14:39.921854,56.42325175485092
2022-06-25T12:14:40.911451,55.85521858529336
2022-06-25T12:14:41.961177,55.61199195466655
2022-06-25T12:14:42.902376,54.39439385239878
2022-06-25T12:14:43.945994,53.973557993473214
2022-06-25T12:14:44.951361,53.30253268507405
2022-06-25T12:14:45.958924,52.34428232844063
2022-06-25T12:14:46.933843,51.77433702066678
2022-06-25T12:14:47.991968,51.5458453564069
2022-06-25T12:14:48.948470,51.08580629749885
2022-06-25T12:14:49.958917,50.82245122541489
2022-06-25T12:14:50.972381,50.10487968895788
2022-06-25T12:14:51.944697,49.68832562923053
2022-06-25T12:14:52.943585,49.2787808705409
2022-06-25T12:14:53.967517,49.16076694001924
2022-06-25T12:14:54.962414,48.94748002630875
2022-06-25T12:14:55.957310,48.36831240435804
2022-06-25T12:14:56.956824,47.812609404211884
2022-06-25T12:14:57.962999,48.03703329080518
2022-06-25T12:14:58.996450,47.73721471493545
2022-06-25T12:14:59.959231,47.552354150443406
2022-06-25T12:15:00.950141,47.435212449626675
2022-06-25T12:15:01.965432,47.74892601040128
2022-06-25T12:15:02.951200,47.74687278966687
2022-06-21T06:49:22.128923,30.445320654957783
2022-06-21T06:49:23.121491,29.037322660659473
2022-06-25T12:15:03.957115,43.463872145776
2022-06-25T12:15:04.963516,42.500159531346874
2022-06-25T12:15:05.951682,42.310195009608485
2022-06-25T12:15:06.961581,40.85605724559248
2022-06-25T12:15:07.989156,40.26768174950318
2022-06-25T12:15:08.989673,39.321390358093495
2022-06-25T12:15:09.989400,38.99122608824515
2022-06-25T12:15:10.982964,38.44489877551773
2022-06-25T12:15:11.966449,37.45260876340352
2022-06-25T12:15:12.985582,36.9102318884746
2022-06-25T12:15:13.983132,36.651969359396915
2022-06-25T12:15:14.960626,36.02161529303181
2022-06-25T12:15:15.973342,36.16443176436934
2022-06-25T12:15:16.995580,36.0845818727951
2022-06-25T12:15:17.992605,35.506122213048684
2022-06-25T12:15:19.000542,34.81551561442126
2022-06-25T12:15:19.964813,34.923325186919016
2022-06-25T12:15:20.994852,34.393385897958
2022-06-25T12:15:22.025112,34.155714219026
2022-06-25T12:15:22.996180,34.02604945151151
2022-06-25T12:15:23.993093,33.82532489634909
2022-06-25T12:15:24.984541,33.66027798497993
2022-06-25T12:15:25.992889,33.43950713834784
2022-06-25T12:15:26.993772,33.06765675532802
2022-06-25T12:15:28.000828,33.25890110610583
2022-06-25T12:15:29.013022,32.97000589989363
2022-06-25T12:15:29.988154,32.50086482814467
2022-06-21T06:49:43.105885,29.203458580056616
2022-06-21T06:49:44.122376,28.624488298355097
2022-06-25T12:15:31.006436,38.72214537867132
2022-06-25T12:15:31.996098,38.06772127177951
2022-06-25T12:15:33.008196,37.08021326636772
2022-06-25T12:15:34.028551,36.06960057438605
2022-06-25T12:15:35.021295,35.623616817708545
2022-06-25T12:15:36.003732,34.82982534637517
2022-06-25T12:15:36.998165,33.864505734128755
2022-06-25T12:15:37.991825,33.39071982175461
2022-06-25T12:15:39.039137,32.242392536556004
2022-06-25T12:15:40.021777,31.87437605328759
2022-06-25T12:15:41.022804,31.28548282623536
2022-06-25T12:15:42.019971,30.078673077296067
2022-06-25T12:15:43.105170,29.352545412165433
2022-06-25T12:15:44.054406,28.79814691384376
2022-06-25T12:15:56.992343,31.2699398583825
2022-06-25T12:15:58.009037,30.21115991995171
2022-06-25T12:15:59.019579,29.896001159853228
2022-06-25T12:16:00.008932,28.77901631421856
2022-06-25T12:16:01.033558,28.579719876026566
2022-06-20T05:12:25.683474,29.510986156528478
2022-06-20T05:12:26.682526,31.600659617706107
2022-06-18T10:42:49.420389,54.292033131171486
2022-06-18T10:42:50.427001,48.06130497838097
2022-06-18T10:42:51.445002,42.939693159486886
2022-06-18T10:42:52.438676,38.71745879600157
2022-06-18T10:42:53.425753,36.18224671770957
2022-06-18T10:42:54.440598,33.07289982582715
2022-06-18T10:42:55.451040,28.582900432095784
2022-06-18T11:20:11.860657,36.12829636040543
2022-06-18T11:20:12.845049,32.902186219719695
2022-06-18T11:20:13.842541,32.223143406013506
2022-06-18T11:20:14.847176,29.352959208307542
2022-06-18T12:32:10.706539,58.64658047478332
2022-06-18T12:32:11.713538,59.58832627733725
2022-06-18T12:32:12.705355,58.22131490026997
2022-06-18T12:32:13.707615,58.37167533744678
2022-06-18T12:32:14.715965,55.26885893336435
2022-06-18T12:32:15.733511,50.97004895569645
2022-06-18T12:32:16.713834,44.03390475797124
2022-06-18T12:32:17.703357,39.42179407695527
2022-06-18T12:32:18.728430,36.681229943450425
2022-06-18T12:32:19.702624,34.32360547004178
2022-06-18T12:32:20.674755,30.378661639792934
2022-06-19T12:55:44.804671,39.86356318385629
2022-06-19T12:55:45.812478,36.12157016450874
2022-06-19T12:55:46.814275,33.381759364504994
2022-06-19T12:55:47.801021,28.934668844922022
2022-06-19T13:43:19.000313,29.265389287857754
2022-06-21T06:52:15.194822,71.94895807396325
2022-06-21T06:52:16.206685,72.11712467312145
2022-06-21T06:52:17.194585,71.2000052288376
2022-06-21T06:52:18.217835,64.50901487951538
2022-06-21T06:52:19.203575,60.298975387635316
2022-06-21T06:52:20.174246,52.110109270687246
2022-06-21T06:52:21.196886,47.77385901756179
2022-06-21T06:52:22.187119,42.34930150555526
2022-06-21T06:52:23.179989,38.38336556454008
2022-06-21T06:52:24.210256,35.81905326203262
2022-06-21T06:52:25.183168,33.172840209193474
2022-06-21T06:52:26.193526,31.507116116115725
2022-06-21T07:22:38.414093,67.35665916419909
2022-06-21T07:22:39.403689,65.01065623167244
2022-06-21T07:22:40.399744,66.79102704304356
2022-06-21T07:22:41.396412,65.07745371879483
2022-06-21T07:22:42.394332,62.16062758557357
2022-06-21T07:22:43.400823,55.4858594274668
2022-06-21T07:22:44.415197,49.4717190371117
2022-06-21T07:22:45.396994,46.88045641595829
2022-06-21T07:22:46.386478,42.26935051934922
2022-06-21T07:22:47.403620,38.62981889505501
2022-06-21T07:22:48.391194,33.19537754739599
2022-06-21T07:22:49.407097,29.53999013133369
2022-06-21T07:22:50.405701,29.464121843610943
2022-06-24T14:42:53.206617,36.88065376527509
2022-06-24T14:42:54.210552,30.333201988687133
2022-06-24T14:42:55.196557,29.17323929981857
2022-06-26T12:27:28.133440,29.72001533252394
2022-06-26T12:27:29.099240,35.35563784374751
2022-06-26T12:27:30.071201,36.65053200400237
2022-06-26T12:27:31.048746,32.48392784284812
2022-06-26T12:27:32.049040,31.380445023828685
2022-06-20T05:17:49.941331,29.938811276739706
2022-06-20T05:17:50.945986,29.148884006442184
2022-06-20T05:17:51.931956,43.55015374874405
2022-06-20T05:17:52.914501,41.46200888970691
2022-06-20T05:17:53.916208,39.95348325659661
2022-06-20T05:17:54.936037,37.11519623189757
2022-06-20T05:17:55.937586,36.25113958955007
2022-06-20T05:17:56.929086,34.508108042156714
2022-06-20T05:17:57.918827,33.296741381250115
2022-06-20T05:17:58.948806,31.523355252618213
2022-06-20T05:17:59.936295,30.5002714361301
2022-06-20T05:18:00.933919,29.7086272161121
2022-06-22T15:14:54.803077,43.73025347334848
2022-06-22T15:14:55.784600,41.871604841549726
2022-06-22T15:14:56.793605,40.034472022827856
2022-06-22T15:14:57.805288,38.11721644924051
2022-06-22T15:14:58.793756,36.44745273867909
2022-06-22T15:14:59.779521,34.80227321939143
2022-06-22T15:15:00.823834,33.135118182303415
2022-06-22T15:15:01.814290,31.576976349907703
2022-06-22T15:15:02.833773,29.845741735061114
2022-06-23T09:36:07.696502,72.02893046205295
2022-06-23T09:36:08.704260,69.65468514886061
2022-06-23T09:36:09.693544,68.58890081448955
2022-06-23T09:36:10.716114,66.1621766185965
2022-06-23T09:36:11.730776,66.39724044651416
2022-06-23T09:36:12.707181,63.18854568390415
2022-06-23T09:36:13.697438,64.01167653483537
2022-06-23T09:36:14.693479,62.03219140804716
2022-06-23T09:36:15.684479,60.32530109775608
2022-06-23T09:36:16.716690,57.957110261093916
2022-06-23T09:36:17.723374,56.99565439048253
2022-06-23T09:36:18.697940,55.79573531561029
2022-06-23T09:36:19.674916,55.237817853401985
2022-06-23T09:36:20.694647,52.45542125123396
2022-06-23T09:36:21.694962,50.910901668169906
2022-06-23T09:36:22.710489,50.90695768414975
2022-06-23T09:36:23.699213,47.89446272641448
2022-06-23T09:36:24.705048,48.33721369153054
2022-06-23T09:36:25.699720,47.4515014259505
2022-06-23T09:36:26.691377,46.90454883017179
2022-06-23T09:36:27.685435,45.85666706569409
2022-06-23T09:36:28.713751,45.3171164614927
2022-06-23T09:36:29.687070,43.62655453850138
2022-06-23T09:36:30.695599,42.777356985731544
2022-06-23T09:36:31.710225,41.276881169734466
2022-06-23T09:36:32.696896,40.66499800649435
2022-06-23T09:36:33.727698,40.238498432311495
2022-06-23T09:36:34.714994,39.75543397338465
2022-06-23T09:36:35.706073,39.19376688475236
2022-06-23T09:36:36.694466,38.47958252130447
2022-06-23T09:36:37.698411,37.705530388535436
2022-06-23T09:36:38.701799,37.024595026666795
2022-06-23T09:36:39.685424,36.52883805392912
2022-06-23T09:36:40.704675,35.016751891832655
2022-06-23T09:36:41.689085,33.87663179095224
2022-06-23T09:36:42.690030,33.537243132847074
2022-06-23T09:36:43.716660,32.75710061870639
2022-06-23T09:36:44.692614,32.114956418999576
2022-06-23T09:36:45.689558,31.42344295787275
2022-06-23T09:36:46.689495,30.077005352534737
2022-06-23T09:36:47.718941,28.89377607746351
2022-06-23T11:58:51.939795,33.02008512717138
2022-06-23T11:58:52.911043,30.586815036830593
2022-06-23T12:38:33.410881,53.50510554204503
2022-06-23T12:38:34.387597,51.79220906099221
2022-06-23T12:38:35.430681,50.45007953186973
2022-06-23T12:38:36.417541,50.273095816823954
2022-06-23T12:38:37.422089,47.487576661646244
2022-06-23T12:38:38.406341,44.984619612381685
2022-06-23T12:38:39.437192,44.048023536902065
2022-06-23T12:38:40.441025,41.21109831635874
2022-06-23T12:38:41.449296,40.411888009076016
2022-06-23T12:38:42.455812,37.09458109421494
2022-06-23T12:38:43.445828,36.446388286398125
2022-06-23T12:38:44.420287,35.39125699324576
2022-06-23T12:38:45.420277,35.04071864159546
2022-06-23T12:38:46.423172,32.99803773631953
2022-06-23T12:38:47.417578,31.58215535529932
2022-06-23T12:38:48.436727,30.585608809929315
2022-06-23T12:38:49.433049,29.906037927078025
2022-06-23T12:38:50.413035,29.03602550014801
2022-06-23T14:46:33.911890,29.194369536473026
2022-06-23T15:15:56.219529,42.17097089277969
2022-06-23T15:15:57.198808,40.63680436379181
2022-06-23T15:15:58.194800,39.095479455626815
2022-06-23T15:15:59.197164,36.76037056130936
2022-06-23T15:16:00.192028,34.62256219082101
2022-06-23T15:16:01.219517,33.362263961559115
2022-06-23T15:16:02.206016,32.07418040878626
2022-06-23T15:16:03.210505,30.348373667695462
2022-06-23T15:16:04.193526,28.927102872079587
2022-06-18T14:48:45.246453,29.290812284520406
2022-06-18T14:48:46.233028,29.766675096108088
2022-06-18T14:48:47.251671,30.223307834416048
2022-06-23T14:46:06.896892,38.74566644886592
2022-06-23T14:46:07.858680,37.57073590075616
2022-06-23T14:46:08.895856,37.031439726488344
2022-06-23T14:46:09.890334,37.512905378827014
2022-06-23T14:46:10.907487,36.281727571035574
2022-06-23T14:46:11.897740,35.5030512951772
2022-06-23T14:46:12.896986,34.02095307866184
2022-06-23T14:46:13.922252,33.731002359197525
2022-06-23T14:46:14.901163,33.99172312273048
2022-06-23T14:46:15.898872,33.61920716272826
2022-06-23T14:46:16.919906,32.38546537503788
2022-06-23T14:46:17.922991,32.957862351444895
2022-06-23T14:46:18.941475,31.423321489499347
2022-06-23T14:46:19.920238,30.729177926463525
2022-06-23T14:46:20.923296,30.20864547373284
2022-06-23T14:46:21.913627,29.375366399544447
2022-06-23T14:46:22.893769,29.663933723146222
2022-06-23T15:15:32.202973,28.95580446255531
2022-06-24T11:34:32.789160,31.26411579506335
2022-06-24T11:34:33.779496,31.558340239277285
2022-06-24T11:34:34.757076,32.77443317682224
2022-06-24T11:34:35.791117,35.67532027615021
2022-06-24T11:34:36.795560,37.43403251080803
2022-06-24T11:34:37.789255,40.3637484661231
2022-06-24T11:34:38.789035,40.533153315628184
2022-06-24T11:34:39.792270,42.80867714148758
2022-06-24T11:34:40.787282,42.45691970300501
2022-06-24T11:34:41.789636,42.771214190769385
2022-06-24T11:34:42.797947,40.09993163333768
2022-06-24T11:34:43.787865,37.44184980978469
2022-06-24T11:34:44.803565,32.77863128133625
2022-06-18T12:58:08.753164,29.33471190678719
2022-06-18T12:58:09.747000,31.587756888889604
2022-06-18T12:58:10.739093,32.69277666490882
2022-06-18T12:58:11.750970,35.622217246876765
2022-06-18T12:58:12.792102,37.305299478547525
2022-06-18T12:58:13.759121,37.18508260088571
2022-06-18T12:58:14.754633,40.23008782941621
2022-06-18T12:58:15.751513,42.28325800848896
2022-06-18T12:58:16.751782,45.26650711772857
2022-06-18T12:58:17.769735,48.8347361465531
2022-06-18T12:58:18.766968,51.29379326606452
2022-06-18T12:58:19.751694,51.59636790812208
2022-06-18T12:58:20.760445,55.884782318856146
2022-06-18T12:58:21.749520,48.615599764051886
2022-06-18T12:58:22.763726,46.993110624369635
2022-06-18T12:58:23.750448,51.40427543436942
2022-06-18T12:58:24.755876,52.99134748252858
2022-06-18T12:58:25.740329,47.22417517072226
2022-06-18T12:58:26.751294,50.35159502007968
2022-06-18T12:58:27.750484,45.43058294349969
2022-06-18T12:58:28.750726,42.904579338914466
2022-06-18T12:58:29.798468,45.06929773708314
2022-06-18T12:58:30.770173,43.81797905700299
2022-06-18T12:58:31.760438,40.67024657104858
2022-06-18T12:58:32.761208,39.02052330083896
2022-06-18T12:58:33.758509,37.84166820747255
2022-06-18T12:58:34.764037,37.1122801223155
2022-06-18T12:58:35.789335,34.7423084575001
2022-06-18T12:58:36.774495,32.85756397271806
2022-06-18T12:58:37.776031,33.651497001501674
2022-06-18T12:58:38.802083,36.21611852329106
2022-06-18T12:58:39.769932,32.83369823461455
2022-06-18T12:58:40.784239,31.919328179315762
2022-06-18T12:58:41.755879,31.116489578885364
2022-06-18T12:58:42.769906,30.48734882761957
2022-06-18T12:58:43.767093,29.225718784818334
2022-06-18T12:58:44.756257,30.594984547094423
2022-06-18T12:58:45.769582,30.676884508282413
2022-06-18T12:58:46.785002,32.59032976877126
2022-06-18T12:58:47.775809,32.58001191679937
2022-06-18T12:58:48.773209,34.140326980558456
2022-06-18T12:58:49.780192,35.97953308409739
2022-06-18T14:47:48.162821,36.32379514911628
2022-06-18T14:47:49.165532,35.478847647437306
2022-06-18T14:47:50.173632,35.550718324880535
2022-06-18T14:47:51.195522,34.43085468752835
2022-06-18T14:47:52.169402,33.64193975998125
2022-06-18T14:47:53.166299,31.872139365544513
2022-06-18T14:47:54.189925,31.600354453167483
2022-06-18T14:47:55.230959,31.46347043147012
2022-06-18T14:47:56.206132,30.577765989335184
2022-06-18T14:47:57.185527,30.084488842910037
2022-06-18T14:47:58.186772,29.388252617976676
2022-06-18T14:47:59.180126,29.33295858020073
2022-06-18T14:48:00.232133,28.824787734302447
2022-06-19T15:43:29.737657,29.00412236536203
2022-06-19T15:43:30.720671,30.155395516824022
2022-06-19T15:43:31.733641,30.954749093958466
2022-06-19T15:43:32.723548,31.439863360388834
2022-06-19T15:43:33.714197,32.64812860450349
2022-06-19T15:43:34.705169,33.875613104591956
2022-06-19T15:43:35.722352,34.10352747588023
2022-06-19T15:43:36.702960,34.76458333096396
2022-06-19T15:43:37.731404,36.37919497420524
2022-06-19T15:43:38.713019,36.46897557755567
2022-06-19T16:50:38.635976,29.122737524693473
2022-06-19T16:50:39.637051,29.98053017432003
2022-06-19T16:50:40.616388,30.609608677640306
2022-06-19T16:50:41.645834,30.08885267573146
2022-06-19T16:50:42.648775,30.97981889183979
2022-06-19T16:50:43.639921,31.20564417468781
2022-06-19T16:50:44.648767,30.00545012028937
2022-06-19T16:50:45.643012,31.843909544365882
2022-06-19T16:50:46.654372,31.612851739173934
2022-06-19T16:50:47.622479,31.880235579757173
2022-06-19T16:50:48.653392,32.68183913281621
2022-06-19T16:50:49.636646,32.79077107024495
2022-06-19T16:50:50.624830,34.4088328055116
2022-06-19T16:50:51.661934,33.498039842273656
2022-06-19T16:50:52.642439,34.1719510334618
2022-06-19T16:50:53.646912,34.906657663406016
2022-06-19T16:50:54.654383,36.855422619668396
2022-06-19T16:50:55.624635,35.88105429174373
2022-06-19T16:50:56.647309,36.170868688396034
2022-06-19T16:50:57.648803,36.179661428555335
2022-06-19T16:50:58.666049,37.08104482115048
2022-06-19T16:50:59.646312,36.66470639348218
2022-06-19T16:51:00.640328,36.37710950639039
2022-06-19T16:51:01.646032,38.21187857857228
2022-06-19T16:51:02.642580,38.93259583633182
2022-06-19T16:51:03.639096,38.838814194541484
2022-06-19T16:51:04.637959,39.56927849884065
2022-06-19T16:51:05.657786,39.42415563885861
2022-06-19T16:51:06.648382,39.93646982792617
2022-06-19T16:51:07.650621,41.09579131215646
2022-06-19T16:51:08.636475,42.236449160787224
2022-06-19T16:51:09.641891,41.271096607387385
2022-06-19T16:51:10.653131,41.00481454617239
2022-06-20T13:33:21.613354,28.543866959309412
2022-06-20T13:33:22.610970,30.2154020413425
2022-06-20T13:33:23.629151,31.28337589778254
2022-06-20T13:33:24.630943,33.157399765748195
2022-06-20T13:33:25.613859,34.46195270961618
2022-06-20T13:33:26.629881,37.01208230469275
2022-06-20T13:33:27.604672,37.94817669793849
2022-06-20T13:33:28.635749,39.345948412843754
2022-06-20T13:33:29.619704,41.10126796861239
2022-06-20T13:33:30.632619,42.25504339025933
2022-06-20T13:33:31.667724,43.888301950850334
2022-06-20T13:33:32.618984,45.53089766131121
2022-06-20T13:33:33.633986,44.014661249936864
2022-06-20T13:33:34.612909,41.53633196545766
2022-06-20T13:33:35.626523,38.234724004339334
2022-06-20T13:33:36.654605,34.34068918899318
2022-06-20T13:33:37.627939,31.34483509944751
2022-06-21T11:36:58.070055,29.488873262901393
2022-06-21T11:36:59.092325,30.416227144472053
2022-06-21T11:37:00.081193,31.931056502644235
2022-06-21T11:37:01.093695,31.530524134030244
2022-06-21T11:37:02.085163,32.06574808257586
2022-06-21T11:37:03.082369,32.89013598219423
2022-06-21T11:37:04.081018,34.56813682250346
2022-06-21T11:37:05.097016,35.151918412491646
2022-06-21T11:37:06.073765,35.53470645895328
2022-06-21T11:37:07.074719,35.79971680946733
2022-06-21T11:37:08.079266,37.34129559493623
2022-06-21T11:37:09.078805,39.13078948015045
2022-06-23T07:35:01.179339,30.131034958814343
2022-06-23T07:35:02.174440,31.117087337127888
2022-06-23T07:35:03.179499,32.272790221777356
2022-06-23T07:35:04.189614,33.4362576595227
2022-06-23T07:35:05.188266,32.9248865657864
2022-06-23T08:40:26.331556,92.01348256917055
2022-06-23T08:40:27.334737,86.79291638051988
2022-06-23T08:40:28.341669,86.79291638051988
2022-06-23T08:40:29.343410,73.99032595159369
2022-06-23T08:40:30.341680,73.99032595159369
2022-06-23T08:40:31.318519,70.03748439449078
2022-06-23T08:40:32.332178,58.97812409970214
2022-06-23T08:40:33.343338,58.97812409970214
2022-06-23T08:40:34.324367,57.09786936557812
2022-06-23T08:40:35.336379,55.17894357653982
2022-06-23T08:40:36.334734,48.045191867264684
2022-06-23T08:40:37.336993,44.73955629629635
2022-06-23T08:40:38.341285,42.77632250783924
2022-06-23T08:40:39.344475,37.96519834580693
2022-06-23T08:40:40.348062,32.15379128069955
2022-06-23T08:40:41.349245,28.980030878477624
2022-06-23T14:45:44.891756,28.68107004378915
2022-06-23T14:45:45.903952,30.479857244895804
2022-06-23T14:45:46.893038,32.56424953502361
2022-06-23T14:45:47.891122,35.29240504394085
2022-06-23T14:45:48.898021,36.85652950288821
2022-06-23T14:45:49.895539,39.47570445055212
2022-06-23T14:45:50.894109,39.34282720176487
2022-06-23T14:45:51.892196,41.90410257424821
2022-06-23T14:45:52.889261,43.712043132689374
2022-06-23T14:45:53.888802,42.477042060008756
2022-06-23T14:45:54.909911,41.72491018281628
2022-06-23T14:45:55.894814,42.86867768671983
2022-06-23T14:45:56.897939,44.2314767766615
2022-06-23T14:45:57.906716,42.105020960394306
2022-06-23T14:45:58.905710,42.42100768276753
2022-06-23T14:45:59.882014,45.3818574158059
2022-06-23T14:46:00.891771,47.45638658202404
2022-06-23T14:46:01.896776,48.81848345780094
2022-06-23T14:46:02.873382,46.99291444315137
2022-06-23T14:46:03.889442,49.1204953444268
2022-06-23T14:46:04.892137,48.43102470387598
2022-06-23T14:46:05.900608,47.550374966122554
2022-06-26T12:16:28.711482,29.200958804719626
2022-06-26T12:16:29.733193,30.17632966254834
2022-06-26T12:16:30.703297,31.92220816568317
2022-06-26T12:16:31.719286,32.35429936468002
2022-06-26T12:16:32.714547,34.70384859750223
2022-06-26T12:16:33.699792,36.08658797218328
2022-06-26T12:16:34.707515,37.721557849549704
2022-06-26T12:16:35.704577,38.96459759873542
2022-06-26T12:16:36.733056,38.41156096784067
2022-06-26T12:16:37.732225,41.898931693894276
2022-06-26T12:16:38.741731,41.92057198307979
2022-06-26T12:16:39.740110,43.92285947105362
2022-06-26T12:16:40.739148,45.77478649126164
2022-06-26T12:16:41.738781,46.53481432645528
2022-06-18T12:58:06.736854,30.824169047952907
2022-06-18T12:58:07.742136,33.118054515567906
2022-06-18T16:07:58.552750,28.733465711183847
2022-06-18T16:07:59.557797,28.67854522109687
2022-06-18T16:08:02.544240,28.573697628476886
2022-06-19T13:16:13.748143,86.76124859354081
2022-06-19T13:16:14.749624,82.12820879350778
2022-06-19T13:16:15.744042,78.08867592718573
2022-06-19T13:16:16.753908,74.76131826268397
2022-06-19T13:16:17.749856,69.80708476842331
2022-06-19T13:16:18.756170,68.40606993405103
2022-06-19T13:16:19.755431,65.2167273756976
2022-06-19T13:16:20.754104,60.691206106085374
2022-06-19T13:16:21.781833,58.17531930702172
2022-06-19T13:16:22.741801,54.21094420997236
2022-06-19T13:16:23.759147,51.277030691025345
2022-06-19T13:16:24.773868,46.750730318110975
2022-06-19T13:16:25.797378,44.80640503601533
2022-06-19T13:16:26.760216,43.837877264483424
2022-06-19T13:16:27.749960,40.673254314492844
2022-06-19T13:16:28.739405,39.452635795239544
2022-06-19T13:16:29.767984,38.15656652564939
2022-06-19T13:16:30.767646,36.57176450823658
2022-06-19T13:16:31.760539,34.25112221485793
2022-06-19T13:16:32.769213,35.46795378417125
2022-06-19T13:16:33.757767,35.63706425306506
2022-06-19T13:16:34.814386,34.35146794608727
2022-06-19T13:16:35.773456,33.901785784410976
2022-06-19T13:16:36.765606,34.02033176739142
2022-06-19T13:16:37.772800,34.816077113994595
2022-06-19T13:16:38.774004,33.9261254879592
2022-06-19T13:16:39.775654,35.08657803771599
2022-06-19T13:16:40.776543,34.54499493340063
2022-06-19T13:16:41.764600,34.64091330458426
2022-06-19T13:16:42.765971,34.31235948068195
2022-06-19T13:16:43.787759,35.17996346406038
2022-06-19T13:16:44.775813,34.61064266309454
2022-06-19T13:16:45.791535,34.63262801442241
2022-06-19T13:16:46.804250,33.44426472348942
2022-06-19T16:50:30.647148,30.03310787540524
2022-06-22T09:34:04.052846,42.21455042314305
2022-06-22T09:34:05.054734,41.78850995786452
2022-06-22T09:34:06.031563,42.89308198189747
2022-06-22T09:34:07.031928,43.19519209053144
2022-06-22T09:34:08.027468,44.42233358092972
2022-06-22T09:34:09.043768,41.57007981835319
2022-06-22T09:34:10.032844,39.667214057896906
2022-06-22T09:34:11.041840,35.53281102472631
2022-06-22T09:34:12.034662,34.564381879996034
2022-06-22T09:34:13.048902,31.38058663803961
2022-06-22T09:34:14.036948,29.874906589089157
2022-06-23T08:39:48.328991,28.91805475164181
2022-06-23T08:39:49.325829,28.91805475164181
2022-06-23T08:39:50.362135,31.33287360501542
2022-06-23T08:39:51.342251,31.489186111242706
2022-06-23T08:39:52.337759,34.92271214008874
2022-06-23T08:39:53.338472,34.92271214008874
2022-06-23T08:39:54.326959,36.463548768311455
2022-06-23T08:39:55.333067,40.652783039995846
2022-06-23T08:39:56.336218,42.33569057167381
2022-06-23T08:39:57.346782,42.33569057167381
2022-06-23T08:39:58.357865,48.80120484703267
2022-06-23T08:39:59.328446,48.80120484703267
2022-06-23T08:40:00.351592,48.051488777649034
2022-06-23T08:40:01.352094,48.051488777649034
2022-06-23T08:40:02.316615,46.36616052660537
2022-06-23T08:40:03.340214,48.12912859938145
2022-06-23T08:40:04.335347,48.12912859938145
2022-06-23T08:40:05.325076,50.32182379059265
2022-06-23T08:40:06.324000,51.000274846198664
2022-06-23T08:40:07.444594,52.46386768799252
2022-06-23T08:40:08.358869,56.06019887578202
2022-06-23T08:40:09.331810,56.06019887578202
2022-06-23T08:40:10.355167,67.05822210137562
2022-06-23T08:40:11.358438,70.53224537671863
2022-06-23T08:40:12.338169,74.13379777724779
2022-06-23T08:40:13.385074,78.9997545755275
2022-06-23T08:40:14.341663,85.92281050367251
2022-06-23T08:40:15.320956,87.02818854448658
2022-06-23T08:40:16.323325,87.02818854448658
2022-06-23T08:40:17.320682,93.26117840417606
2022-06-23T08:40:18.332913,98.6968431086315
2022-06-23T08:40:19.337855,99.29613246916657
2022-06-23T08:40:20.344904,99.29613246916657
2022-06-23T08:40:21.330185,104.57903737545055
2022-06-23T08:40:22.329008,109.44728894567302
2022-06-23T08:40:23.316213,111.22176691121476
2022-06-23T08:40:24.326146,118.07438629877277
2022-06-23T08:40:25.329694,114.8254395978042
2022-06-24T07:03:27.612389,28.572237858967878
2022-06-24T07:03:28.635515,29.784411153507385
2022-06-24T07:03:29.620365,30.564346650334492
2022-06-24T07:03:30.660741,32.200160175619686
2022-06-24T07:03:31.621116,31.98691481243429
2022-06-24T07:03:32.627937,33.00606367683007
2022-06-24T07:03:33.636444,33.02876606387922
2022-06-24T07:03:34.635221,32.27830509387134
2022-06-24T07:03:35.626204,32.34587084041444
2022-06-24T07:03:36.621401,32.266409720849154
2022-06-24T07:03:37.631346,31.866867350407027
2022-06-24T07:03:38.606474,31.34244045372974
2022-06-24T07:03:39.639258,31.761264344323983
2022-06-24T07:03:40.621262,31.071020591621235
2022-06-24T07:03:41.627489,31.076051021817882
2022-06-24T07:03:42.633185,31.06577466870686
2022-06-19T13:15:44.730788,32.56238238436478
2022-06-19T13:15:45.730747,34.88207638770013
2022-06-19T13:15:46.739522,37.5295274240533
2022-06-19T13:15:47.738501,40.849719398195035
2022-06-19T13:15:48.746599,43.46517096574789
2022-06-19T13:15:49.734293,45.29021374493438
2022-06-19T13:15:50.745771,48.51765859685925
2022-06-19T13:15:51.755045,50.625136705773556
2022-06-19T13:15:52.735613,54.65732168145357
2022-06-19T13:15:53.776626,56.92576367813657
2022-06-19T13:15:54.735704,59.26179713892035
2022-06-19T13:15:55.761802,61.47469921183318
2022-06-19T13:15:56.766011,64.67350591366896
2022-06-19T13:15:57.749255,66.97705613828866
2022-06-19T13:15:58.753672,68.45273287385426
2022-06-19T13:15:59.752688,70.78329289727694
2022-06-19T13:16:00.743964,71.93026574454926
2022-06-19T13:16:01.761197,74.66491984773488
2022-06-19T13:16:02.755971,75.5436803409873
2022-06-19T13:16:03.748759,77.57673781896258
2022-06-19T13:16:04.751575,78.07105585614227
2022-06-19T13:16:05.748117,78.30649608498173
2022-06-19T13:16:06.752614,81.66971078861158
2022-06-19T13:16:07.743399,83.1561704589279
2022-06-19T13:16:08.757338,85.83567264916294
2022-06-19T13:16:09.750170,85.6669660053557
2022-06-19T13:16:10.744421,85.5015726547158
2022-06-19T13:16:11.750055,86.48294090718574
2022-06-19T13:16:12.740766,83.94331652282904
2022-06-22T09:33:39.040877,29.1094269026728
2022-06-22T09:33:41.054944,29.678052167429538
2022-06-22T09:33:42.033445,34.6301507982924
2022-06-22T09:33:43.039045,34.651319092091775
2022-06-22T09:33:44.034482,34.72285558549079
2022-06-22T09:33:45.046677,35.0501537281916
2022-06-22T09:33:46.029543,35.96819954955881
2022-06-22T09:33:47.040642,36.36059090873526
2022-06-22T09:33:48.049258,37.091834989638826
2022-06-22T09:33:49.020573,41.31370623082822
2022-06-22T09:33:50.036803,40.48001753421431
2022-06-22T09:33:51.053052,41.998442838995054
2022-06-22T09:33:52.052800,42.24619550366849
2022-06-22T09:33:53.025288,44.82821174616424
2022-06-22T09:33:54.040011,44.419544056239836
2022-06-22T09:33:55.043749,43.39533545149762
2022-06-22T09:33:56.039082,41.750455380862405
2022-06-22T09:33:57.020664,43.067098081197635
2022-06-22T09:33:58.031293,42.92812126832737
2022-06-22T09:33:59.014044,43.85388982612533
2022-06-22T09:34:00.040059,45.11023090281206
2022-06-22T09:34:01.048961,45.51637156052796
2022-06-22T09:34:02.051798,44.822784618201915
2022-06-22T09:34:03.035825,43.55691069419612
2022-06-24T07:02:53.644100,32.15319002990115
2022-06-24T07:03:12.631328,28.994754042103878
2022-06-24T07:03:13.599333,31.515751854643465
2022-06-24T07:03:14.611590,32.97976156205667
2022-06-24T07:03:15.600451,34.89925907344899
2022-06-25T14:04:09.588422,71.0138405253147
2022-06-25T14:04:10.574102,72.47035081815565
2022-06-25T14:04:11.559446,74.67000312347331
2022-06-25T14:04:12.563562,76.97417698308641
2022-06-25T14:04:13.569339,78.944900890215
2022-06-25T14:04:14.569047,77.85755968411388
2022-06-25T14:04:15.561244,80.11908531999634
2022-06-25T14:04:16.553238,80.70689843674663
2022-06-25T14:04:17.553947,81.63020314281566
2022-06-25T14:04:18.577799,81.85109300397441
2022-06-25T14:04:19.571799,81.44862843430997
2022-06-25T14:04:20.569440,82.00256122429101
2022-06-25T14:04:21.568668,81.87878614296794
2022-06-25T14:04:22.565919,82.1374786131642
2022-06-25T14:04:23.571934,80.49076524212866
2022-06-25T14:04:24.564347,77.6057143245687
2022-06-25T14:04:25.567178,76.47347837142252
2022-06-25T14:04:26.566033,75.96806705955208
2022-06-25T14:04:27.567519,73.3934419122199
2022-06-25T14:04:28.599867,70.58618375339637
2022-06-25T14:04:29.578875,68.57186547070168
2022-06-25T14:04:30.600305,66.83032180632195
2022-06-25T14:04:31.579843,64.8824507663148
2022-06-25T14:04:32.559381,61.09007878029164
2022-06-25T14:04:33.565489,57.65705720656347
2022-06-25T14:04:34.554567,53.74926860115564
2022-06-25T14:04:35.564928,50.67047308871668
2022-06-25T14:04:36.608467,48.95775743901059
2022-06-25T14:04:37.579123,45.57362475938979
2022-06-25T14:04:38.620427,41.97598540748257
2022-06-25T14:04:39.593800,38.450444482342974
2022-06-25T14:04:40.560448,36.08267139172341
2022-06-25T14:04:41.584865,34.167767736533605
2022-06-25T14:04:42.611560,30.676847289330365
2022-06-25T14:04:43.595151,28.96942235557393
2022-06-21T07:10:55.040407,33.31088325540682
2022-06-21T07:10:56.026959,31.502141465673997
2022-06-21T07:10:57.032132,30.21758696082077
2022-06-21T07:10:58.018474,30.22105461658709
2022-06-21T07:10:59.030079,29.38774313314884
2022-06-24T07:02:06.563543,28.60975573982663
2022-06-24T07:02:07.579829,35.06975429039652
2022-06-24T07:02:08.557508,38.13505653569986
2022-06-24T07:02:09.562562,43.6371070525629
2022-06-24T07:02:10.600517,49.25770505035475
2022-06-24T07:02:11.593222,52.51103554354885
2022-06-24T07:02:12.614966,58.08197339732127
2022-06-24T07:02:13.575760,63.49590118575829
2022-06-24T07:02:14.568098,70.26767051658203
2022-06-24T07:02:15.764497,75.28533597555536
2022-06-24T07:02:16.599700,80.10685981193193
2022-06-24T07:02:17.572064,87.31705373106918
2022-06-24T07:02:18.739638,92.56199840469365
2022-06-24T07:02:19.663975,94.43758992594643
2022-06-24T07:02:20.632427,99.90113678444322
2022-06-24T07:02:21.643449,104.7776992241156
2022-06-24T07:02:22.623318,109.31274114752587
2022-06-24T07:02:23.634020,114.08568582447386
2022-06-24T07:02:24.616676,115.32827691076382
2022-06-24T07:02:25.645753,119.46644564463695
2022-06-24T07:02:32.690742,126.60005355722556
2022-06-24T07:02:33.670068,123.19871765390226
2022-06-24T07:02:34.672462,121.54350209983745
2022-06-24T07:02:35.649116,118.1204027606012
2022-06-24T07:02:36.649493,112.88618532422241
2022-06-24T07:02:37.690936,108.71232670227856
2022-06-24T07:02:38.651056,101.10888268421289
2022-06-24T07:02:39.686074,92.9763028008324
2022-06-24T07:02:40.680357,86.16761655920753
2022-06-24T07:02:41.649242,78.67661262624678
2022-06-24T07:02:42.668158,72.23222173807649
2022-06-24T07:02:43.634215,66.36213759500376
2022-06-24T07:02:44.634266,64.49204439038633
2022-06-24T07:02:45.748075,56.06391486559512
2022-06-24T07:02:46.745510,49.075804165681944
2022-06-24T07:02:47.584027,44.9072420099418
2022-06-24T07:02:48.591465,42.2895239519147
2022-06-24T07:02:49.594393,36.748951199696236
2022-06-24T07:02:50.614009,32.41324195674022
2022-06-25T14:03:53.598591,29.05767198739401
2022-06-25T14:03:54.562655,32.53617825186873
2022-06-25T14:03:55.578163,34.70542482966121
2022-06-25T14:03:56.608712,38.42715473223258
2022-06-25T14:03:57.575287,42.437443303505376
2022-06-25T14:03:58.586759,45.8002671431782
2022-06-25T14:03:59.553419,48.82849488633384
2022-06-25T14:04:00.574662,51.31892052030522
2022-06-25T14:04:01.558959,53.4487140676229
2022-06-25T14:04:02.562726,57.17392107054954
2022-06-25T14:04:03.593314,59.84153012291615
2022-06-25T14:04:04.573418,61.70952124658144
2022-06-25T14:04:05.561070,64.36708222931212
2022-06-25T14:04:06.585003,65.92276757680612
2022-06-25T14:04:07.568677,68.52891606368159
2022-06-25T14:04:08.568074,70.06079546726738
2022-06-23T08:38:08.260819,34.718641938474555
2022-06-23T08:38:09.277088,34.22705468138217
2022-06-23T08:38:10.266952,34.89690522747005
2022-06-23T08:38:11.270055,34.67176874987472
2022-06-23T08:38:12.260699,34.84937021504851
2022-06-23T08:38:13.282269,34.538172226868575
2022-06-23T08:38:14.289913,34.28080332444463
2022-06-23T08:38:15.264394,33.91787340185842
2022-06-23T08:38:16.261097,33.447415218346706
2022-06-23T08:38:17.253949,34.689012773604794
2022-06-23T08:38:18.254521,33.66811813332434
2022-06-23T08:38:19.264323,31.700131036460114
2022-06-23T08:38:20.269696,29.68983166000831
2022-06-23T08:38:06.291145,29.739796287860933
2022-06-23T08:38:07.273596,30.659869814398125
2022-06-20T07:08:20.644074,29.054157506030656
2022-06-20T07:08:21.644587,28.90022217164666
2022-06-20T07:08:22.647106,31.857781397165308
2022-06-20T07:08:23.665178,31.590700195433346
2022-06-20T07:08:24.647503,31.11881758654624
2022-06-20T07:08:25.662556,32.39999713533261
2022-06-20T07:08:26.648512,32.02743335882032
2022-06-20T07:08:27.664258,39.697193123505386
2022-06-20T07:08:28.657881,40.24590095758312
2022-06-20T07:08:29.679410,39.91506429598506
2022-06-20T07:08:30.648950,36.720707888816776
2022-06-20T07:08:31.643918,36.55389701219064
2022-06-20T07:08:32.656038,45.973635431324674
2022-06-20T07:08:33.659691,42.47093382568761
2022-06-20T07:08:34.653876,39.70543498363418
2022-06-20T07:08:35.652548,41.73401192138274
2022-06-20T07:08:36.637271,41.105789299743826
2022-06-20T07:08:37.641283,42.12818441372785
2022-06-20T07:08:38.659277,38.822825096468094
2022-06-20T07:08:39.662821,42.278706223949456
2022-06-20T07:08:40.636240,43.85214972586184
2022-06-20T07:08:41.645317,39.83221141421057
2022-06-21T07:08:07.955245,29.109375968807
2022-06-21T07:08:08.945757,31.40947366090148
2022-06-21T07:08:09.959775,31.40714164425141
2022-06-21T07:08:10.943880,36.270560979299795
2022-06-21T07:08:11.954681,36.373464586350316
2022-06-21T07:08:12.978129,38.69280703751222
2022-06-21T07:37:52.250712,28.59146548942041
2022-06-21T07:37:53.251198,29.764962818071908
2022-06-21T07:37:54.272629,33.30512506664932
2022-06-21T07:37:55.268931,33.889140418302475
2022-06-21T07:37:56.256153,36.936628877927724
2022-06-21T14:03:47.779667,28.600381984191714
2022-06-21T14:03:48.783616,29.176056326038555
2022-06-21T14:03:49.797269,30.434115403196184
2022-06-24T11:30:24.590991,28.896079660711354
2022-06-24T11:30:25.601322,30.889341032620997
2022-06-24T11:30:26.600327,34.75386821048129
2022-06-24T11:30:27.638627,37.70708745151814
2022-06-24T11:30:28.620055,39.55574908171259
2022-06-24T14:00:56.583501,28.844501265856177
2022-06-26T11:03:26.911463,28.87396393955193
2022-06-26T11:03:27.863739,30.49533793531122
2022-06-26T11:03:28.875583,31.796418539177882
2022-06-26T11:03:29.899200,31.154899180511887
2022-06-26T12:44:57.732648,28.719355719018722
2022-06-26T12:44:59.755278,28.659588340125193
2022-06-26T18:13:34.792865,29.004873952445312
2022-06-26T18:13:35.838760,29.2579247556991
2022-06-26T18:13:36.818157,31.20653300596127
2022-06-26T18:13:37.782174,32.44012067385614
2022-06-26T18:13:38.790212,33.2416612047911
2022-06-26T18:13:39.795956,34.60830511238117
2022-06-26T18:13:40.821301,35.25041588599775
2022-06-26T18:13:41.815270,37.165459997724476
2022-06-26T18:13:42.805732,37.47856227289335
2022-06-26T18:13:43.827629,39.331600951931264
2022-06-26T18:13:44.822655,39.19304547084003
2022-06-26T18:13:45.809929,40.31125854791588
2022-06-26T18:13:46.803673,40.80518464861491
2022-06-26T19:02:34.899327,28.675759143507626
2022-06-26T19:02:35.896479,29.966455976798663
2022-06-26T19:02:36.901153,31.13729783962494
2022-06-26T19:02:37.898539,33.239808887766216
2022-06-20T07:07:46.695551,29.5199093404612
2022-06-20T07:07:47.651312,29.56179726997065
2022-06-20T07:07:48.672411,29.564498205423533
2022-06-20T07:07:49.640408,30.914485797914722
2022-06-20T07:07:51.649842,28.477429353209754
2022-06-20T07:07:54.639226,29.940859666183993
2022-06-20T07:07:55.641812,29.078545823848216
2022-06-20T07:07:59.647472,28.6310676154538
2022-06-20T07:08:03.667017,29.0948757221836
2022-06-20T07:08:04.652204,28.590282792261412
2022-06-20T07:08:05.645647,28.731827054915104
2022-06-20T07:08:06.636196,30.052793487392073
2022-06-20T07:08:07.662921,28.991144201938837
2022-06-20T07:08:08.667196,31.965017282372926
2022-06-20T07:08:09.661494,33.07251524904184
2022-06-20T07:08:10.650751,33.54612694588407
2022-06-20T07:08:11.652806,32.039067302803595
2022-06-20T07:08:12.638662,34.33583496937849
2022-06-20T07:08:13.653804,35.04123125905729
2022-06-20T05:32:02.604700,28.5492390506133
2022-06-20T05:32:04.606329,29.25228805486781
2022-06-20T05:32:05.597419,30.845872662055122
2022-06-20T05:32:06.586559,29.343319875390726
2022-06-20T05:32:07.603352,30.431509021845688
2022-06-20T07:07:14.613400,30.69812378922001
2022-06-20T07:07:15.608932,29.326176817879983
2022-06-20T07:07:16.665633,30.640155876104053
2022-06-20T07:07:17.605316,30.178417655544084
2022-06-20T07:07:18.676207,32.55510025075039
2022-06-20T07:07:19.689362,31.050661305314645
2022-06-20T07:07:20.643542,30.32357819820031
2022-06-20T07:07:21.635097,31.812416517507046
2022-06-20T07:07:22.615479,31.790461662855865
2022-06-20T07:07:23.644362,28.780821288236375
2022-06-20T07:07:24.666721,29.87806590755941
2022-06-20T07:07:25.658706,30.887945411969728
2022-06-20T07:07:26.629739,31.27792517804543
2022-06-20T07:07:27.648104,31.932704273649787
2022-06-20T07:07:28.647754,29.60075055600162
2022-06-20T07:07:29.675706,32.26884153958871
2022-06-20T07:07:30.652009,32.42323148317408
2022-06-20T07:07:31.668267,30.82095619594387
2022-06-20T07:07:32.621440,30.66532662877937
2022-06-20T07:07:33.661843,31.854566643098757
2022-06-20T07:07:34.675473,31.305599940478793
2022-06-20T07:07:35.643433,32.22113438358406
2022-06-20T07:07:36.688780,31.097922985522786
2022-06-20T07:07:37.668800,31.360912887920918
2022-06-20T07:07:38.657005,31.79103685654017
2022-06-20T07:07:39.662955,29.546775809361044
2022-06-20T07:07:40.626793,31.14875102540542
2022-06-20T07:07:41.623148,31.984650469217403
2022-06-20T07:07:42.634183,31.544979391779094
2022-06-20T07:07:43.624394,33.803511927755146
2022-06-20T07:07:44.653609,33.70563231523713
2022-06-20T07:07:45.642150,33.94927482469723
2022-06-20T15:03:19.322580,32.74324739600171
2022-06-20T15:03:20.284055,33.3132807902185
2022-06-20T07:06:46.613488,29.438056770198198
2022-06-20T07:06:47.615417,32.32072649671297
2022-06-20T07:06:48.601539,32.00459890379198
2022-06-20T07:06:49.616937,32.31200716571244
2022-06-20T07:06:50.613521,32.51164065785251
2022-06-20T07:06:51.602990,31.24523180780796
2022-06-20T07:06:52.582348,31.917388942263226
2022-06-20T07:06:53.601359,30.671479759778734
2022-06-20T07:06:54.604419,30.484099076273417
2022-06-20T07:06:55.614956,32.17903259732704
2022-06-20T07:06:56.609691,33.420480976500656
2022-06-20T07:06:57.608042,33.26728043610586
2022-06-20T07:06:58.613340,31.81208070759265
2022-06-20T07:06:59.620041,33.219018236725006
2022-06-20T07:07:00.626533,32.752002307923604
2022-06-20T07:07:01.624568,34.18831945275512
2022-06-20T07:07:02.621358,33.45393725390187
2022-06-20T07:07:03.601866,36.250410507701915
2022-06-20T07:07:04.645152,36.49765312722229
2022-06-20T07:07:05.594958,33.20738977404274
2022-06-20T07:07:06.616615,34.93342758329565
2022-06-20T07:07:07.700285,34.48186323120623
2022-06-20T07:07:08.618031,35.55758364531171
2022-06-20T07:07:09.667404,35.026873493777835
2022-06-20T07:07:10.619835,35.35572548842069
2022-06-20T07:07:11.605742,37.31012777197478
2022-06-20T07:07:12.666191,36.666415063026776
2022-06-20T07:07:13.606108,41.841426150418336
2022-06-20T07:06:17.637667,28.942271455546784
2022-06-20T07:06:18.667565,29.663493893458423
2022-06-20T07:06:19.634386,29.68469090806766
2022-06-20T07:06:43.616183,29.012987702324565
2022-06-20T07:06:44.589812,28.92081920871167
2022-06-20T07:06:45.620921,31.780682690374217
2022-06-20T07:05:44.677367,31.16548870601013
2022-06-20T07:05:45.631278,32.39749350861153
2022-06-20T07:05:46.633439,33.141691081408005
2022-06-20T07:05:47.632257,33.431994316157045
2022-06-20T07:05:48.645835,31.670377797569685
2022-06-20T07:05:49.632584,29.95355071212556
2022-06-20T07:05:50.660430,30.589259369075478
2022-06-20T07:05:51.611287,30.81016928795524
2022-06-20T07:05:52.687288,30.054674026385577
2022-06-20T07:05:53.632316,31.84417856537681
2022-06-20T07:05:54.635137,29.361940358945027
2022-06-20T07:05:55.651140,31.302757619206808
2022-06-20T07:05:56.661503,31.130382371248977
2022-06-20T07:05:57.633952,32.582436250743896
2022-06-20T07:05:58.650934,32.64232557780986
2022-06-20T07:05:59.646877,31.198501634479342
2022-06-20T07:06:00.637164,30.040566060103366
2022-06-20T07:06:01.639329,31.283845095294982
2022-06-20T07:06:02.634393,29.18821181118259
2022-06-20T07:06:03.646001,28.748908116807012
2022-06-20T15:00:15.227740,38.44266970353341
2022-06-20T15:00:16.215535,39.19754102387348
2022-06-20T15:00:17.234428,37.42769651640481
2022-06-20T15:00:18.204477,37.147649691856316
2022-06-20T15:00:19.240632,38.359745856885894
2022-06-20T15:00:20.223879,35.99778793453166
2022-06-20T15:00:21.271689,32.296383798739996
2022-06-20T15:00:22.196739,32.22739000950306
2022-06-20T15:00:23.213232,31.678443113932584
2022-06-23T14:37:11.496201,28.86625046235044
